{
     "article_count": 80,
     "hot": {
          "article": "為什麼大家都說進去會變成8+9，我進來淡江一年了  一直有這疑問",
          "count": 85
     },
     "weight": [
          [
               "學長",
               0.13820540465780345
          ],
          [
               "老師",
               0.11846177542097439
          ],
          [
               "新生",
               0.10423663719332783
          ],
          [
               "活動",
               0.0888463315657308
          ],
          [
               "謝謝",
               0.0888463315657308
          ],
          [
               "成績",
               0.07897451694731626
          ],
          [
               "課程",
               0.07897451694731626
          ],
          [
               "一下",
               0.07267297321813378
          ],
          [
               "暑假",
               0.07102547487289843
          ],
          [
               "社團",
               0.06910270232890173
          ]
     ]
}