{
     "article_count": 56,
     "hot": {
          "article": "如題，想問公行的學長姐或106級的同學們，在FB沒找到，想問那有line的群組嗎？真的有不少朋友說好像有但我真的找不到",
          "count": 66
     },
     "weight": [
          [
               "淡江",
               0.13101115071671232
          ],
          [
               "學長",
               0.11463475687712328
          ],
          [
               "學期",
               0.11463475687712328
          ],
          [
               "新生",
               0.08645929290487671
          ],
          [
               "推薦",
               0.0818819691979452
          ],
          [
               "想問",
               0.0818819691979452
          ],
          [
               "老師",
               0.0818819691979452
          ],
          [
               "學校",
               0.0818819691979452
          ],
          [
               "公關",
               0.0818819691979452
          ],
          [
               "這種",
               0.06550557535835616
          ]
     ]
}