{
     "article_count": 77,
     "hot": {
          "article": "請問一下其他有修這門課的同學都聽得懂看得懂黃先生在幹嘛嗎？小弟很認真抄筆記 回家也有複習 結果小考跟期中應該都只有20分，這樣是不是沒救了？",
          "count": 70
     },
     "weight": [
          [
               "淡江",
               0.11954767502899999
          ],
          [
               "謝謝",
               0.09781173411463637
          ],
          [
               "老師",
               0.09781173411463637
          ],
          [
               "工讀",
               0.08694376365745454
          ],
          [
               "學分",
               0.08694376365745454
          ],
          [
               "課程",
               0.07607579320027272
          ],
          [
               "一下",
               0.07111674389265454
          ],
          [
               "學校",
               0.0652078227430909
          ],
          [
               "暑修",
               0.0652078227430909
          ],
          [
               "畢業",
               0.0652078227430909
          ]
     ]
}