{
     "article_count": 127,
     "hot": {
          "article": "話說有一個考捕手的吧 啊大一就兩個還不錯的，個個乙組明星啊，黑豹旗32強捕手，一個夏聯冠軍隊捕手，又可以幫撿一年的× 又可以練四年，誰要碩士的啊，甲組有都很厲害嗎，強× 的三軍還比不上，一些有天份的社團球員，高中甲組撿球仔受傷仔靠關係仔也不少，只要有體育班校隊證明，大多甲二教練都會收。",
          "count": 62
     },
     "weight": [
          [
               "老師",
               0.18495420890562586
          ],
          [
               "評價",
               0.10648878694566337
          ],
          [
               "大二",
               0.09514966465771214
          ],
          [
               "大三",
               0.09311191503441162
          ],
          [
               "淡江",
               0.08967476795424284
          ],
          [
               "通識",
               0.08967476795424284
          ],
          [
               "必修",
               0.0886908165986404
          ],
          [
               "謝謝",
               0.08407009495710266
          ],
          [
               "課程",
               0.07846542195996248
          ],
          [
               "一下",
               0.07335060317104547
          ]
     ]
}