{
     "article_count": 113,
     "hot": {
          "article": "請問離商學院近的地方（走路5分鐘內），有推薦生活機能好的地方嗎？還有！！！最重要的，治安安全的地方！，公寓2樓會很危險嗎？會容易被闖空門嗎？然後想請問一下，女生自己住外面的時候都是怎麼保護自己的？然後（怕蟑螂的人）遇到蟑螂怎麼辦⋯⋯？",
          "count": 92
     },
     "weight": [
          [
               "老師",
               0.15764528575252745
          ],
          [
               "想問",
               0.10509685716835164
          ],
          [
               "課程",
               0.10509685716835164
          ],
          [
               "謝謝",
               0.10509685716835164
          ],
          [
               "選課",
               0.09852830359532966
          ],
          [
               "評價",
               0.09852830359532966
          ],
          [
               "淡江",
               0.09852830359532966
          ],
          [
               "選修",
               0.09852830359532966
          ],
          [
               "學分",
               0.09195975002230769
          ],
          [
               "大二",
               0.08803682824532966
          ]
     ]
}