{
     "article_count": 280,
     "hot": {
          "article": "下學期要出國的人選什麼課啊？我也覺得困惑🤔，把名額都搶完在退掉很幽默是吧？還體育耶，在日本要記得回來上呦",
          "count": 76
     },
     "weight": [
          [
               "老師",
               0.24317623866081367
          ],
          [
               "謝謝",
               0.16211749244054244
          ],
          [
               "評價",
               0.13696132982045828
          ],
          [
               "選課",
               0.13137107146043955
          ],
          [
               "學長",
               0.09503439212031799
          ],
          [
               "修過",
               0.08944413376029928
          ],
          [
               "大四",
               0.0819732610543839
          ],
          [
               "淡江",
               0.08105874622027122
          ],
          [
               "想問",
               0.07546848786025251
          ],
          [
               "學分",
               0.07267335868024316
          ]
     ]
}