{
     "article_count": 105,
     "hot": {
          "article": "一般提到淡江都會推外語跟商管，可是分數差距跟輔仁東吳差的有點多..，還被一些地名大學追過去= =，淡江到底怎麼了！！！！？",
          "count": 69
     },
     "weight": [
          [
               "謝謝",
               0.15683058143339296
          ],
          [
               "新生",
               0.14583883411131188
          ],
          [
               "老師",
               0.1354445930561121
          ],
          [
               "淡江",
               0.12831593026368515
          ],
          [
               "學長",
               0.12118726747125819
          ],
          [
               "問題",
               0.09267261630155038
          ],
          [
               "學分",
               0.07841529071669648
          ],
          [
               "同學",
               0.07128662792426953
          ],
          [
               "學校",
               0.07128662792426953
          ],
          [
               "評價",
               0.06415796513184258
          ]
     ]
}