{
     "article_count": 99,
     "hot": {
          "article": "淡江大學很爛，哪裡爛，行政爛，註冊爛，課務爛，人家家長都親自來跑流程，態度惡劣，拍桌，有些問題不能問嗎？我一定要跟大家說淡江內部行政都很爛，態度非常惡劣，這就是對工作的態度嗎？淡江一向是內部要對人非常兇嗎？",
          "count": 76
     },
     "weight": [
          [
               "淡江",
               0.2067312209803816
          ],
          [
               "學長",
               0.1782165698106738
          ],
          [
               "新生",
               0.10349852743383423
          ],
          [
               "學校",
               0.09980127909397733
          ],
          [
               "通識",
               0.07841529071669648
          ],
          [
               "參加",
               0.07128662792426953
          ],
          [
               "系學會",
               0.07128662792426953
          ],
          [
               "社團",
               0.07128662792426953
          ],
          [
               "一下",
               0.06705626194410257
          ],
          [
               "覺得",
               0.06415796513184258
          ]
     ]
}