{
     "article_count": 117,
     "hot": {
          "article": "手機排版 稍有凌亂抱歉，----------------------------------------------，我是大一，這一兩個月來偶爾在狄卡爬文找資料，偶爾看一些大學生活的趣事，試著拉近自己和大學的距離。",
          "count": 66
     },
     "weight": [
          [
               "淡江",
               0.19970521750236175
          ],
          [
               "謝謝",
               0.11018218896682028
          ],
          [
               "學長",
               0.08952302853554148
          ],
          [
               "申請",
               0.0826366417251152
          ],
          [
               "新生",
               0.07271346062276499
          ],
          [
               "學校",
               0.06886386810426268
          ],
          [
               "想問",
               0.06886386810426268
          ],
          [
               "老師",
               0.06197748129383641
          ],
          [
               "一下",
               0.061960872775138245
          ],
          [
               "知道",
               0.05952005877880185
          ]
     ]
}