{
     "article_count": 169,
     "hot": {
          "article": "以前聊的很熱絡，每天晚上都邀通話擾民，結果現在不出來刷存在了？大家都退光光qq",
          "count": 84
     },
     "weight": [
          [
               "學長",
               0.14601242751633586
          ],
          [
               "謝謝",
               0.11863509735702289
          ],
          [
               "通識",
               0.1140722089971374
          ],
          [
               "淡江",
               0.1049464322773664
          ],
          [
               "選課",
               0.1003835439174809
          ],
          [
               "老師",
               0.0958206555575954
          ],
          [
               "學校",
               0.0958206555575954
          ],
          [
               "學分",
               0.07756910211805343
          ],
          [
               "問題",
               0.06844332539828243
          ],
          [
               "大二",
               0.06523237757007633
          ]
     ]
}