{
     "article_count": 130,
     "hot": {
          "article": "新學期那個逼卡門真的神煩！！！！！！！！，進去就要淘卡淘半天，超級不方便！！！，真的很不喜歡（ ง °皿°）ง⁼³₌₃",
          "count": 63
     },
     "weight": [
          [
               "學長",
               0.13185405334080882
          ],
          [
               "謝謝",
               0.11301776000640755
          ],
          [
               "淡江",
               0.11301776000640755
          ],
          [
               "社團",
               0.10046023111680671
          ],
          [
               "時間",
               0.08790270222720588
          ],
          [
               "想問",
               0.06906640889280462
          ],
          [
               "一下",
               0.06676532547695378
          ],
          [
               "知道",
               0.06470449828781513
          ],
          [
               "覺得",
               0.06278764444800419
          ],
          [
               "宿舍",
               0.05747189881544118
          ]
     ]
}