{
     "article_count": 262,
     "hot": {
          "article": "請大家多多照顧關懷一下我們好不好，當邊緣人一個禮拜了嗚嗚",
          "count": 66
     },
     "weight": [
          [
               "老師",
               0.1873042409059189
          ],
          [
               "加簽",
               0.10108482842541655
          ],
          [
               "謝謝",
               0.09811174523643372
          ],
          [
               "學長",
               0.07432707972457099
          ],
          [
               "社團",
               0.07432707972457099
          ],
          [
               "同學",
               0.06838091334660532
          ],
          [
               "一下",
               0.06687644562151206
          ],
          [
               "知道",
               0.0632536549515046
          ],
          [
               "學校",
               0.05351549740169112
          ],
          [
               "淡江",
               0.050542414212708275
          ]
     ]
}