{
     "article_count": 174,
     "hot": {
          "article": "請問，宿營睡帳棚會不會很慘啊⋯⋯，怕很熱......，有什麼系也是要睡帳棚的？（更）如果我們跟別系住小木屋的價錢一樣，那到底為什麼我們要住帳篷️",
          "count": 73
     },
     "weight": [
          [
               "老師",
               0.36000401587873665
          ],
          [
               "謝謝",
               0.13170878629709878
          ],
          [
               "問有",
               0.08341556465482923
          ],
          [
               "這堂",
               0.08341556465482923
          ],
          [
               "同學",
               0.07902527177825927
          ],
          [
               "學分",
               0.07024468602511935
          ],
          [
               "加退",
               0.07024468602511935
          ],
          [
               "通識",
               0.06585439314854939
          ],
          [
               "評價",
               0.06146410027197943
          ],
          [
               "報告",
               0.05707380739540947
          ]
     ]
}